_id,repo_name,repo_id,issue_number,issue_id,title,user,start_time
"""6169de4c218308eb851272d4""",alexogilbee/hello-world,207176673,53,1027767794,test issue,alexogilbee,1634328140321
"""616b9b170bd4b86fd2bcc9de""",alexogilbee/hello-world,207176673,54,1028206321,test,alexogilbee,1634442007558
"""616b9c4beacd5cac5e15490e""",alexogilbee/hello-world,207176673,55,1028206976,question mark?,alexogilbee,1634442315450
"""616fae57a15aebdeac14800f""",alexogilbee/hello-world,207176673,56,1031002852,i think were there,alexogilbee,1634709079916
"""616faef7a15aebdeac148010""",alexogilbee/hello-world,207176673,57,1031004342,anotha one,alexogilbee,1634709239100
"""6170417d8a510a4b25c85cef""",Niteshgoel900/test_wed,419397406,4,1031597839,test-not,Niteshgoel900,1634746749661
"""6170421a8a510a4b25c85cf0""",Niteshgoel900/test_wed,419397406,5,1031600061,test2,Niteshgoel900,1634746906610
"""617048528a510a4b25c85cf1""",alexogilbee/hello-world,207176673,58,1031623527,helo?,alexogilbee,1634748498753
"""617048f89bd28e2d22ef846f""",alexogilbee/hello-world,207176673,59,1031625800,noq?,alexogilbee,1634748664585
"""61830cf8ea100190dfd32707""",Group20GithubBots/test2,424396683,1,1044172811,new,Group20GithubBots,1635978488242
"""61830e3dea100190dfd32708""",Group20GithubBots/test2,424396683,3,1044175877,test_demo,Group20GithubBots,1635978813720
"""61830ebeea100190dfd32709""",Group20GithubBots/test2,424396683,4,1044177062,test3,Group20GithubBots,1635978942043
"""61830ef6ea100190dfd3270a""",Group20GithubBots/test2,424396683,5,1044177544,sadsa,Group20GithubBots,1635978998347
